area,fm_duff,fm_1000hr,can_con_pct,shrub_black_pct,pile_black_pct,fuelbeds,units,ecoregion
100,80,50,90,80,90,13,tons,western
100,80,50,90,80,90,90,tons,western
100,80,50,90,80,90,13001,tons,western
100,80,50,90,80,90,90001,tons,western
100,80,50,90,80,90,13002,tons,western
100,80,50,90,80,90,90002,tons,western
100,80,50,90,80,90,13003,tons,western
100,80,50,90,80,90,90003,tons,western
100,80,50,90,80,90,13004,tons,western
100,80,50,90,80,90,90004,tons,western
100,80,50,90,80,90,13005,tons,western
100,80,50,90,80,90,90005,tons,western
100,80,50,90,80,90,13006,tons,western
100,80,50,90,80,90,90006,tons,western
100,80,50,90,80,90,13007,tons,western
100,80,50,90,80,90,90007,tons,western
100,80,50,90,80,90,13008,tons,western
100,80,50,90,80,90,90008,tons,western
100,80,50,90,80,90,13009,tons,western
100,80,50,90,80,90,90009,tons,western
100,80,50,90,80,90,13010,tons,western
100,80,50,90,80,90,90010,tons,western
100,80,50,90,80,90,13011,tons,western
100,80,50,90,80,90,90011,tons,western
100,80,50,90,80,90,13012,tons,western
100,80,50,90,80,90,90012,tons,western
100,80,50,90,80,90,13013,tons,western
100,80,50,90,80,90,90013,tons,western
100,80,50,90,80,90,13014,tons,western
100,80,50,90,80,90,90014,tons,western
100,80,50,90,80,90,13015,tons,western
100,80,50,90,80,90,90015,tons,western
100,80,50,90,80,90,13016,tons,western
100,80,50,90,80,90,90016,tons,western
100,80,50,90,80,90,13017,tons,western
100,80,50,90,80,90,90017,tons,western
100,80,50,90,80,90,13018,tons,western
100,80,50,90,80,90,90018,tons,western
100,80,50,90,80,90,13019,tons,western
100,80,50,90,80,90,90019,tons,western
100,80,50,90,80,90,13020,tons,western
100,80,50,90,80,90,90020,tons,western
100,80,50,90,80,90,13021,tons,western
100,80,50,90,80,90,90021,tons,western
100,80,50,90,80,90,13022,tons,western
100,80,50,90,80,90,90022,tons,western
100,80,50,90,80,90,13023,tons,western
100,80,50,90,80,90,90023,tons,western
100,80,50,90,80,90,13024,tons,western
100,80,50,90,80,90,90024,tons,western
100,80,50,90,80,90,13025,tons,western
100,80,50,90,80,90,90025,tons,western
100,80,50,90,80,90,13026,tons,western
100,80,50,90,80,90,90026,tons,western
100,80,50,90,80,90,13027,tons,western
100,80,50,90,80,90,90027,tons,western
100,80,50,90,80,90,13028,tons,western
100,80,50,90,80,90,90028,tons,western
100,80,50,90,80,90,13029,tons,western
100,80,50,90,80,90,90029,tons,western
100,80,50,90,80,90,13030,tons,western
100,80,50,90,80,90,90030,tons,western
100,80,50,90,80,90,13031,tons,western
100,80,50,90,80,90,90031,tons,western
100,80,50,90,80,90,13032,tons,western
100,80,50,90,80,90,90032,tons,western
100,80,50,90,80,90,13033,tons,western
100,80,50,90,80,90,90033,tons,western
100,80,50,90,80,90,13034,tons,western
100,80,50,90,80,90,90034,tons,western
100,80,50,90,80,90,13035,tons,western
100,80,50,90,80,90,90035,tons,western
100,80,50,90,80,90,13036,tons,western
100,80,50,90,80,90,90036,tons,western
100,80,50,90,80,90,13037,tons,western
100,80,50,90,80,90,90037,tons,western
100,80,50,90,80,90,13038,tons,western
100,80,50,90,80,90,90038,tons,western
100,80,50,90,80,90,13039,tons,western
100,80,50,90,80,90,90039,tons,western
100,80,50,90,80,90,13040,tons,western
100,80,50,90,80,90,90040,tons,western
100,80,50,90,80,90,13041,tons,western
100,80,50,90,80,90,90041,tons,western
100,80,50,90,80,90,13042,tons,western
100,80,50,90,80,90,90042,tons,western
100,80,50,90,80,90,13043,tons,western
100,80,50,90,80,90,90043,tons,western
100,80,50,90,80,90,13044,tons,western
100,80,50,90,80,90,90044,tons,western
100,80,50,90,80,90,13045,tons,western
100,80,50,90,80,90,90045,tons,western
100,80,50,90,80,90,13046,tons,western
100,80,50,90,80,90,90046,tons,western
100,80,50,90,80,90,13047,tons,western
100,80,50,90,80,90,90047,tons,western
100,80,50,90,80,90,13048,tons,western
100,80,50,90,80,90,90048,tons,western
100,80,50,90,80,90,13049,tons,western
100,80,50,90,80,90,90049,tons,western
100,80,50,90,80,90,13050,tons,western
100,80,50,90,80,90,90050,tons,western
100,80,50,90,80,90,13051,tons,western
100,80,50,90,80,90,90051,tons,western
100,80,50,90,80,90,13052,tons,western
100,80,50,90,80,90,90052,tons,western
100,80,50,90,80,90,13053,tons,western
100,80,50,90,80,90,90053,tons,western
100,80,50,90,80,90,13054,tons,western
100,80,50,90,80,90,90054,tons,western
100,80,50,90,80,90,13055,tons,western
100,80,50,90,80,90,90055,tons,western
100,80,50,90,80,90,13056,tons,western
100,80,50,90,80,90,90056,tons,western
100,80,50,90,80,90,13057,tons,western
100,80,50,90,80,90,90057,tons,western
100,80,50,90,80,90,13058,tons,western
100,80,50,90,80,90,90058,tons,western
100,80,50,90,80,90,13059,tons,western
100,80,50,90,80,90,90059,tons,western
100,80,50,90,80,90,13060,tons,western
100,80,50,90,80,90,90060,tons,western
100,80,50,90,80,90,13061,tons,western
100,80,50,90,80,90,90061,tons,western
100,80,50,90,80,90,13062,tons,western
100,80,50,90,80,90,90062,tons,western
100,80,50,90,80,90,13063,tons,western
100,80,50,90,80,90,90063,tons,western
100,80,50,90,80,90,13064,tons,western
100,80,50,90,80,90,90064,tons,western
100,80,50,90,80,90,13065,tons,western
100,80,50,90,80,90,90065,tons,western
100,80,50,90,80,90,13066,tons,western
100,80,50,90,80,90,90066,tons,western
100,80,50,90,80,90,13067,tons,western
100,80,50,90,80,90,90067,tons,western
100,80,50,90,80,90,13068,tons,western
100,80,50,90,80,90,90068,tons,western
100,80,50,90,80,90,13069,tons,western
100,80,50,90,80,90,90069,tons,western
100,80,50,90,80,90,13070,tons,western
100,80,50,90,80,90,90070,tons,western
100,80,50,90,80,90,13071,tons,western
100,80,50,90,80,90,90071,tons,western
100,80,50,90,80,90,13072,tons,western
100,80,50,90,80,90,90072,tons,western
100,80,50,90,80,90,13073,tons,western
100,80,50,90,80,90,90073,tons,western
100,80,50,90,80,90,13074,tons,western
100,80,50,90,80,90,90074,tons,western
100,80,50,90,80,90,13075,tons,western
100,80,50,90,80,90,90075,tons,western
100,80,50,90,80,90,13076,tons,western
100,80,50,90,80,90,90076,tons,western
100,80,50,90,80,90,13077,tons,western
100,80,50,90,80,90,90077,tons,western
100,80,50,90,80,90,13078,tons,western
100,80,50,90,80,90,90078,tons,western
100,80,50,90,80,90,13079,tons,western
100,80,50,90,80,90,90079,tons,western
100,80,50,90,80,90,13080,tons,western
100,80,50,90,80,90,90080,tons,western
100,80,50,90,80,90,13081,tons,western
100,80,50,90,80,90,90081,tons,western
100,80,50,90,80,90,13082,tons,western
100,80,50,90,80,90,90082,tons,western
100,80,50,90,80,90,13083,tons,western
100,80,50,90,80,90,90083,tons,western
100,80,50,90,80,90,13084,tons,western
100,80,50,90,80,90,90084,tons,western
100,80,50,90,80,90,13085,tons,western
100,80,50,90,80,90,90085,tons,western
100,80,50,90,80,90,13086,tons,western
100,80,50,90,80,90,90086,tons,western
100,80,50,90,80,90,13087,tons,western
100,80,50,90,80,90,90087,tons,western
100,80,50,90,80,90,13088,tons,western
100,80,50,90,80,90,90088,tons,western
100,80,50,90,80,90,13089,tons,western
100,80,50,90,80,90,90089,tons,western
100,80,50,90,80,90,13090,tons,western
100,80,50,90,80,90,90090,tons,western
100,80,50,90,80,90,13091,tons,western
100,80,50,90,80,90,90091,tons,western
100,80,50,90,80,90,13092,tons,western
100,80,50,90,80,90,90092,tons,western
100,80,50,90,80,90,13093,tons,western
100,80,50,90,80,90,90093,tons,western
100,80,50,90,80,90,13094,tons,western
100,80,50,90,80,90,90094,tons,western
100,80,50,90,80,90,13095,tons,western
100,80,50,90,80,90,90095,tons,western
100,80,50,90,80,90,13096,tons,western
100,80,50,90,80,90,90096,tons,western
100,80,50,90,80,90,13097,tons,western
100,80,50,90,80,90,90097,tons,western
100,80,50,90,80,90,13098,tons,western
100,80,50,90,80,90,90098,tons,western
100,80,50,90,80,90,13099,tons,western
100,80,50,90,80,90,90099,tons,western
100,80,50,90,80,90,13100,tons,western
100,80,50,90,80,90,90100,tons,western
100,80,50,90,80,90,13101,tons,western
100,80,50,90,80,90,90101,tons,western
100,80,50,90,80,90,13102,tons,western
100,80,50,90,80,90,90102,tons,western
100,80,50,90,80,90,13103,tons,western
100,80,50,90,80,90,90103,tons,western
100,80,50,90,80,90,13104,tons,western
100,80,50,90,80,90,90104,tons,western
100,80,50,90,80,90,13105,tons,western
100,80,50,90,80,90,90105,tons,western
100,80,50,90,80,90,13106,tons,western
100,80,50,90,80,90,90106,tons,western
100,80,50,90,80,90,13107,tons,western
100,80,50,90,80,90,90107,tons,western
100,80,50,90,80,90,13108,tons,western
100,80,50,90,80,90,90108,tons,western
100,80,50,90,80,90,13109,tons,western
100,80,50,90,80,90,90109,tons,western
100,80,50,90,80,90,13110,tons,western
100,80,50,90,80,90,90110,tons,western
100,80,50,90,80,90,13111,tons,western
100,80,50,90,80,90,90111,tons,western
100,80,50,90,80,90,13112,tons,western
100,80,50,90,80,90,90112,tons,western
100,80,50,90,80,90,13113,tons,western
100,80,50,90,80,90,90113,tons,western
100,80,50,90,80,90,13114,tons,western
100,80,50,90,80,90,90114,tons,western
100,80,50,90,80,90,13115,tons,western
100,80,50,90,80,90,90115,tons,western
100,80,50,90,80,90,13116,tons,western
100,80,50,90,80,90,90116,tons,western
100,80,50,90,80,90,13117,tons,western
100,80,50,90,80,90,90117,tons,western
100,80,50,90,80,90,13118,tons,western
100,80,50,90,80,90,90118,tons,western
100,80,50,90,80,90,13119,tons,western
100,80,50,90,80,90,90119,tons,western
100,80,50,90,80,90,13120,tons,western
100,80,50,90,80,90,90120,tons,western
100,80,50,90,80,90,13121,tons,western
100,80,50,90,80,90,90121,tons,western
100,80,50,90,80,90,13122,tons,western
100,80,50,90,80,90,90122,tons,western
100,80,50,90,80,90,13123,tons,western
100,80,50,90,80,90,90123,tons,western
100,80,50,90,80,90,13124,tons,western
100,80,50,90,80,90,90124,tons,western
100,80,50,90,80,90,13125,tons,western
100,80,50,90,80,90,90125,tons,western
100,80,50,90,80,90,13126,tons,western
100,80,50,90,80,90,90126,tons,western
100,80,50,90,80,90,13127,tons,western
100,80,50,90,80,90,90127,tons,western
100,80,50,90,80,90,13128,tons,western
100,80,50,90,80,90,90128,tons,western
100,80,50,90,80,90,13129,tons,western
100,80,50,90,80,90,90129,tons,western
100,80,50,90,80,90,13130,tons,western
100,80,50,90,80,90,90130,tons,western
100,80,50,90,80,90,13131,tons,western
100,80,50,90,80,90,90131,tons,western
100,80,50,90,80,90,13132,tons,western
100,80,50,90,80,90,90132,tons,western
100,80,50,90,80,90,13133,tons,western
100,80,50,90,80,90,90133,tons,western
100,80,50,90,80,90,13134,tons,western
100,80,50,90,80,90,90134,tons,western
100,80,50,90,80,90,13135,tons,western
100,80,50,90,80,90,90135,tons,western
100,80,50,90,80,90,13136,tons,western
100,80,50,90,80,90,90136,tons,western
100,80,50,90,80,90,13137,tons,western
100,80,50,90,80,90,90137,tons,western
100,80,50,90,80,90,13138,tons,western
100,80,50,90,80,90,90138,tons,western
100,80,50,90,80,90,13139,tons,western
100,80,50,90,80,90,90139,tons,western
100,80,50,90,80,90,13140,tons,western
100,80,50,90,80,90,90140,tons,western
100,80,50,90,80,90,13141,tons,western
100,80,50,90,80,90,90141,tons,western
100,80,50,90,80,90,13142,tons,western
100,80,50,90,80,90,90142,tons,western
100,80,50,90,80,90,13143,tons,western
100,80,50,90,80,90,90143,tons,western
100,80,50,90,80,90,13144,tons,western
100,80,50,90,80,90,90144,tons,western
100,80,50,90,80,90,13145,tons,western
100,80,50,90,80,90,90145,tons,western
100,80,50,90,80,90,13146,tons,western
100,80,50,90,80,90,90146,tons,western
100,80,50,90,80,90,13147,tons,western
100,80,50,90,80,90,90147,tons,western
100,80,50,90,80,90,13148,tons,western
100,80,50,90,80,90,90148,tons,western
100,80,50,90,80,90,13149,tons,western
100,80,50,90,80,90,90149,tons,western
100,80,50,90,80,90,13150,tons,western
100,80,50,90,80,90,90150,tons,western
100,80,50,90,80,90,13151,tons,western
100,80,50,90,80,90,90151,tons,western
100,80,50,90,80,90,13152,tons,western
100,80,50,90,80,90,90152,tons,western
100,80,50,90,80,90,13153,tons,western
100,80,50,90,80,90,90153,tons,western
100,80,50,90,80,90,13154,tons,western
100,80,50,90,80,90,90154,tons,western
100,80,50,90,80,90,13155,tons,western
100,80,50,90,80,90,90155,tons,western
100,80,50,90,80,90,13156,tons,western
100,80,50,90,80,90,90156,tons,western
100,80,50,90,80,90,13157,tons,western
100,80,50,90,80,90,90157,tons,western
100,80,50,90,80,90,13158,tons,western
100,80,50,90,80,90,90158,tons,western
100,80,50,90,80,90,13159,tons,western
100,80,50,90,80,90,90159,tons,western
100,80,50,90,80,90,13160,tons,western
100,80,50,90,80,90,90160,tons,western
100,80,50,90,80,90,13161,tons,western
100,80,50,90,80,90,90161,tons,western
100,80,50,90,80,90,13162,tons,western
100,80,50,90,80,90,90162,tons,western
100,80,50,90,80,90,13163,tons,western
100,80,50,90,80,90,90163,tons,western
100,80,50,90,80,90,13164,tons,western
100,80,50,90,80,90,90164,tons,western
100,80,50,90,80,90,13165,tons,western
100,80,50,90,80,90,90165,tons,western
100,80,50,90,80,90,13166,tons,western
100,80,50,90,80,90,90166,tons,western
100,80,50,90,80,90,13167,tons,western
100,80,50,90,80,90,90167,tons,western
100,80,50,90,80,90,13168,tons,western
100,80,50,90,80,90,90168,tons,western
100,80,50,90,80,90,13169,tons,western
100,80,50,90,80,90,90169,tons,western
100,80,50,90,80,90,13170,tons,western
100,80,50,90,80,90,90170,tons,western
100,80,50,90,80,90,13171,tons,western
100,80,50,90,80,90,90171,tons,western
100,80,50,90,80,90,13172,tons,western
100,80,50,90,80,90,90172,tons,western
100,80,50,90,80,90,13173,tons,western
100,80,50,90,80,90,90173,tons,western
100,80,50,90,80,90,13174,tons,western
100,80,50,90,80,90,90174,tons,western
100,80,50,90,80,90,13175,tons,western
100,80,50,90,80,90,90175,tons,western
100,80,50,90,80,90,13176,tons,western
100,80,50,90,80,90,90176,tons,western
100,80,50,90,80,90,13177,tons,western
100,80,50,90,80,90,90177,tons,western
100,80,50,90,80,90,13178,tons,western
100,80,50,90,80,90,90178,tons,western
100,80,50,90,80,90,13179,tons,western
100,80,50,90,80,90,90179,tons,western
100,80,50,90,80,90,13180,tons,western
100,80,50,90,80,90,90180,tons,western
100,80,50,90,80,90,13181,tons,western
100,80,50,90,80,90,90181,tons,western
100,80,50,90,80,90,13182,tons,western
100,80,50,90,80,90,90182,tons,western
100,80,50,90,80,90,13183,tons,western
100,80,50,90,80,90,90183,tons,western
100,80,50,90,80,90,13184,tons,western
100,80,50,90,80,90,90184,tons,western
100,80,50,90,80,90,13185,tons,western
100,80,50,90,80,90,90185,tons,western
100,80,50,90,80,90,13186,tons,western
100,80,50,90,80,90,90186,tons,western
100,80,50,90,80,90,13187,tons,western
100,80,50,90,80,90,90187,tons,western
100,80,50,90,80,90,13188,tons,western
100,80,50,90,80,90,90188,tons,western
100,80,50,90,80,90,13189,tons,western
100,80,50,90,80,90,90189,tons,western
100,80,50,90,80,90,13190,tons,western
100,80,50,90,80,90,90190,tons,western
100,80,50,90,80,90,13191,tons,western
100,80,50,90,80,90,90191,tons,western
100,80,50,90,80,90,13192,tons,western
100,80,50,90,80,90,90192,tons,western
100,80,50,90,80,90,13193,tons,western
100,80,50,90,80,90,90193,tons,western
100,80,50,90,80,90,13194,tons,western
100,80,50,90,80,90,90194,tons,western
100,80,50,90,80,90,13195,tons,western
100,80,50,90,80,90,90195,tons,western
100,80,50,90,80,90,13196,tons,western
100,80,50,90,80,90,90196,tons,western
100,80,50,90,80,90,13197,tons,western
100,80,50,90,80,90,90197,tons,western
100,80,50,90,80,90,13198,tons,western
100,80,50,90,80,90,90198,tons,western
100,80,50,90,80,90,13199,tons,western
100,80,50,90,80,90,90199,tons,western
100,80,50,90,80,90,13200,tons,western
100,80,50,90,80,90,90200,tons,western
100,80,50,90,80,90,13201,tons,western
100,80,50,90,80,90,90201,tons,western
100,80,50,90,80,90,13202,tons,western
100,80,50,90,80,90,90202,tons,western
100,80,50,90,80,90,13203,tons,western
100,80,50,90,80,90,90203,tons,western
100,80,50,90,80,90,13204,tons,western
100,80,50,90,80,90,90204,tons,western
100,80,50,90,80,90,13205,tons,western
100,80,50,90,80,90,90205,tons,western
100,80,50,90,80,90,13206,tons,western
100,80,50,90,80,90,90206,tons,western
100,80,50,90,80,90,13207,tons,western
100,80,50,90,80,90,90207,tons,western
100,80,50,90,80,90,13208,tons,western
100,80,50,90,80,90,90208,tons,western
100,80,50,90,80,90,13209,tons,western
100,80,50,90,80,90,90209,tons,western
100,80,50,90,80,90,13210,tons,western
100,80,50,90,80,90,90210,tons,western
100,80,50,90,80,90,13211,tons,western
100,80,50,90,80,90,90211,tons,western
100,80,50,90,80,90,13212,tons,western
100,80,50,90,80,90,90212,tons,western
100,80,50,90,80,90,13213,tons,western
100,80,50,90,80,90,90213,tons,western
100,80,50,90,80,90,13214,tons,western
100,80,50,90,80,90,90214,tons,western
100,80,50,90,80,90,13215,tons,western
100,80,50,90,80,90,90215,tons,western
100,80,50,90,80,90,13216,tons,western
100,80,50,90,80,90,90216,tons,western
100,80,50,90,80,90,13217,tons,western
100,80,50,90,80,90,90217,tons,western
100,80,50,90,80,90,13218,tons,western
100,80,50,90,80,90,90218,tons,western
100,80,50,90,80,90,13219,tons,western
100,80,50,90,80,90,90219,tons,western
100,80,50,90,80,90,13220,tons,western
100,80,50,90,80,90,90220,tons,western
100,80,50,90,80,90,13221,tons,western
100,80,50,90,80,90,90221,tons,western
100,80,50,90,80,90,13222,tons,western
100,80,50,90,80,90,90222,tons,western
100,80,50,90,80,90,13223,tons,western
100,80,50,90,80,90,90223,tons,western
100,80,50,90,80,90,13224,tons,western
100,80,50,90,80,90,90224,tons,western
100,80,50,90,80,90,13225,tons,western
100,80,50,90,80,90,90225,tons,western
100,80,50,90,80,90,13226,tons,western
100,80,50,90,80,90,90226,tons,western
100,80,50,90,80,90,13227,tons,western
100,80,50,90,80,90,90227,tons,western
100,80,50,90,80,90,13228,tons,western
100,80,50,90,80,90,90228,tons,western
100,80,50,90,80,90,13229,tons,western
100,80,50,90,80,90,90229,tons,western
100,80,50,90,80,90,13230,tons,western
100,80,50,90,80,90,90230,tons,western
100,80,50,90,80,90,13231,tons,western
100,80,50,90,80,90,90231,tons,western
100,80,50,90,80,90,13232,tons,western
100,80,50,90,80,90,90232,tons,western
100,80,50,90,80,90,13233,tons,western
100,80,50,90,80,90,90233,tons,western
100,80,50,90,80,90,13234,tons,western
100,80,50,90,80,90,90234,tons,western
100,80,50,90,80,90,13235,tons,western
100,80,50,90,80,90,90235,tons,western
100,80,50,90,80,90,13236,tons,western
100,80,50,90,80,90,90236,tons,western
100,80,50,90,80,90,13237,tons,western
100,80,50,90,80,90,90237,tons,western
100,80,50,90,80,90,13238,tons,western
100,80,50,90,80,90,90238,tons,western
100,80,50,90,80,90,13239,tons,western
100,80,50,90,80,90,90239,tons,western
100,80,50,90,80,90,13240,tons,western
100,80,50,90,80,90,90240,tons,western
100,80,50,90,80,90,13241,tons,western
100,80,50,90,80,90,90241,tons,western
100,80,50,90,80,90,13242,tons,western
100,80,50,90,80,90,90242,tons,western
100,80,50,90,80,90,13243,tons,western
100,80,50,90,80,90,90243,tons,western
100,80,50,90,80,90,13244,tons,western
100,80,50,90,80,90,90244,tons,western
100,80,50,90,80,90,13245,tons,western
100,80,50,90,80,90,90245,tons,western
100,80,50,90,80,90,13246,tons,western
100,80,50,90,80,90,90246,tons,western
100,80,50,90,80,90,13247,tons,western
100,80,50,90,80,90,90247,tons,western
100,80,50,90,80,90,13248,tons,western
100,80,50,90,80,90,90248,tons,western
100,80,50,90,80,90,13249,tons,western
100,80,50,90,80,90,90249,tons,western
100,80,50,90,80,90,13250,tons,western
100,80,50,90,80,90,90250,tons,western
100,80,50,90,80,90,13251,tons,western
100,80,50,90,80,90,90251,tons,western
100,80,50,90,80,90,13252,tons,western
100,80,50,90,80,90,90252,tons,western
100,80,50,90,80,90,13253,tons,western
100,80,50,90,80,90,90253,tons,western
100,80,50,90,80,90,13254,tons,western
100,80,50,90,80,90,90254,tons,western
100,80,50,90,80,90,13255,tons,western
100,80,50,90,80,90,90255,tons,western
100,80,50,90,80,90,13256,tons,western
100,80,50,90,80,90,90256,tons,western
100,80,50,90,80,90,13257,tons,western
100,80,50,90,80,90,90257,tons,western
100,80,50,90,80,90,13258,tons,western
100,80,50,90,80,90,90258,tons,western
100,80,50,90,80,90,13259,tons,western
100,80,50,90,80,90,90259,tons,western
100,80,50,90,80,90,13260,tons,western
100,80,50,90,80,90,90260,tons,western
100,80,50,90,80,90,13261,tons,western
100,80,50,90,80,90,90261,tons,western
100,80,50,90,80,90,13262,tons,western
100,80,50,90,80,90,90262,tons,western
100,80,50,90,80,90,13263,tons,western
100,80,50,90,80,90,90263,tons,western
100,80,50,90,80,90,13264,tons,western
100,80,50,90,80,90,90264,tons,western
100,80,50,90,80,90,13265,tons,western
100,80,50,90,80,90,90265,tons,western
100,80,50,90,80,90,13266,tons,western
100,80,50,90,80,90,90266,tons,western
100,80,50,90,80,90,13267,tons,western
100,80,50,90,80,90,90267,tons,western
100,80,50,90,80,90,13268,tons,western
100,80,50,90,80,90,90268,tons,western
100,80,50,90,80,90,13269,tons,western
100,80,50,90,80,90,90269,tons,western
100,80,50,90,80,90,13270,tons,western
100,80,50,90,80,90,90270,tons,western
100,80,50,90,80,90,13271,tons,western
100,80,50,90,80,90,90271,tons,western
100,80,50,90,80,90,13272,tons,western
100,80,50,90,80,90,90272,tons,western
100,80,50,90,80,90,13273,tons,western
100,80,50,90,80,90,90273,tons,western
100,80,50,90,80,90,13274,tons,western
100,80,50,90,80,90,90274,tons,western
100,80,50,90,80,90,13275,tons,western
100,80,50,90,80,90,90275,tons,western
100,80,50,90,80,90,13276,tons,western
100,80,50,90,80,90,90276,tons,western
100,80,50,90,80,90,13277,tons,western
100,80,50,90,80,90,90277,tons,western
100,80,50,90,80,90,13278,tons,western
100,80,50,90,80,90,90278,tons,western
100,80,50,90,80,90,13279,tons,western
100,80,50,90,80,90,90279,tons,western
100,80,50,90,80,90,13280,tons,western
100,80,50,90,80,90,90280,tons,western
100,80,50,90,80,90,13281,tons,western
100,80,50,90,80,90,90281,tons,western
100,80,50,90,80,90,13282,tons,western
100,80,50,90,80,90,90282,tons,western
100,80,50,90,80,90,13283,tons,western
100,80,50,90,80,90,90283,tons,western
100,80,50,90,80,90,13284,tons,western
100,80,50,90,80,90,90284,tons,western
100,80,50,90,80,90,13285,tons,western
100,80,50,90,80,90,90285,tons,western
100,80,50,90,80,90,13286,tons,western
100,80,50,90,80,90,90286,tons,western
100,80,50,90,80,90,13287,tons,western
100,80,50,90,80,90,90287,tons,western
100,80,50,90,80,90,13288,tons,western
100,80,50,90,80,90,90288,tons,western
100,80,50,90,80,90,13289,tons,western
100,80,50,90,80,90,90289,tons,western
100,80,50,90,80,90,13290,tons,western
100,80,50,90,80,90,90290,tons,western
100,80,50,90,80,90,13291,tons,western
100,80,50,90,80,90,90291,tons,western
100,80,50,90,80,90,13292,tons,western
100,80,50,90,80,90,90292,tons,western
100,80,50,90,80,90,13293,tons,western
100,80,50,90,80,90,90293,tons,western
100,80,50,90,80,90,13294,tons,western
100,80,50,90,80,90,90294,tons,western
100,80,50,90,80,90,13295,tons,western
100,80,50,90,80,90,90295,tons,western
100,80,50,90,80,90,13296,tons,western
100,80,50,90,80,90,90296,tons,western
100,80,50,90,80,90,13297,tons,western
100,80,50,90,80,90,90297,tons,western
100,80,50,90,80,90,13298,tons,western
100,80,50,90,80,90,90298,tons,western
100,80,50,90,80,90,13299,tons,western
100,80,50,90,80,90,90299,tons,western
100,80,50,90,80,90,13300,tons,western
100,80,50,90,80,90,90300,tons,western
100,80,50,90,80,90,13301,tons,western
100,80,50,90,80,90,90301,tons,western
100,80,50,90,80,90,13302,tons,western
100,80,50,90,80,90,90302,tons,western
100,80,50,90,80,90,13303,tons,western
100,80,50,90,80,90,90303,tons,western
100,80,50,90,80,90,13304,tons,western
100,80,50,90,80,90,90304,tons,western
100,80,50,90,80,90,13305,tons,western
100,80,50,90,80,90,90305,tons,western
100,80,50,90,80,90,13306,tons,western
100,80,50,90,80,90,90306,tons,western
100,80,50,90,80,90,13307,tons,western
100,80,50,90,80,90,90307,tons,western
100,80,50,90,80,90,13308,tons,western
100,80,50,90,80,90,90308,tons,western
100,80,50,90,80,90,13309,tons,western
100,80,50,90,80,90,90309,tons,western
100,80,50,90,80,90,13310,tons,western
100,80,50,90,80,90,90310,tons,western
100,80,50,90,80,90,13311,tons,western
100,80,50,90,80,90,90311,tons,western
100,80,50,90,80,90,13312,tons,western
100,80,50,90,80,90,90312,tons,western
100,80,50,90,80,90,13313,tons,western
100,80,50,90,80,90,90313,tons,western
100,80,50,90,80,90,13314,tons,western
100,80,50,90,80,90,90314,tons,western
100,80,50,90,80,90,13315,tons,western
100,80,50,90,80,90,90315,tons,western
100,80,50,90,80,90,13316,tons,western
100,80,50,90,80,90,90316,tons,western
100,80,50,90,80,90,13317,tons,western
100,80,50,90,80,90,90317,tons,western
100,80,50,90,80,90,13318,tons,western
100,80,50,90,80,90,90318,tons,western
100,80,50,90,80,90,13319,tons,western
100,80,50,90,80,90,90319,tons,western
100,80,50,90,80,90,13320,tons,western
100,80,50,90,80,90,90320,tons,western
100,80,50,90,80,90,13321,tons,western
100,80,50,90,80,90,90321,tons,western
100,80,50,90,80,90,13322,tons,western
100,80,50,90,80,90,90322,tons,western
100,80,50,90,80,90,13323,tons,western
100,80,50,90,80,90,90323,tons,western
100,80,50,90,80,90,13324,tons,western
100,80,50,90,80,90,90324,tons,western
100,80,50,90,80,90,13325,tons,western
100,80,50,90,80,90,90325,tons,western
100,80,50,90,80,90,13326,tons,western
100,80,50,90,80,90,90326,tons,western
100,80,50,90,80,90,13327,tons,western
100,80,50,90,80,90,90327,tons,western
100,80,50,90,80,90,13328,tons,western
100,80,50,90,80,90,90328,tons,western
100,80,50,90,80,90,13329,tons,western
100,80,50,90,80,90,90329,tons,western
100,80,50,90,80,90,13330,tons,western
100,80,50,90,80,90,90330,tons,western
100,80,50,90,80,90,13331,tons,western
100,80,50,90,80,90,90331,tons,western
100,80,50,90,80,90,13332,tons,western
100,80,50,90,80,90,90332,tons,western
100,80,50,90,80,90,13333,tons,western
100,80,50,90,80,90,90333,tons,western
100,80,50,90,80,90,13334,tons,western
100,80,50,90,80,90,90334,tons,western
100,80,50,90,80,90,13335,tons,western
100,80,50,90,80,90,90335,tons,western
100,80,50,90,80,90,13336,tons,western
100,80,50,90,80,90,90336,tons,western
100,80,50,90,80,90,13337,tons,western
100,80,50,90,80,90,90337,tons,western
100,80,50,90,80,90,13338,tons,western
100,80,50,90,80,90,90338,tons,western
100,80,50,90,80,90,13339,tons,western
100,80,50,90,80,90,90339,tons,western
100,80,50,90,80,90,13340,tons,western
100,80,50,90,80,90,90340,tons,western
100,80,50,90,80,90,13341,tons,western
100,80,50,90,80,90,90341,tons,western
100,80,50,90,80,90,13342,tons,western
100,80,50,90,80,90,90342,tons,western
100,80,50,90,80,90,13343,tons,western
100,80,50,90,80,90,90343,tons,western
100,80,50,90,80,90,13344,tons,western
100,80,50,90,80,90,90344,tons,western
100,80,50,90,80,90,13345,tons,western
100,80,50,90,80,90,90345,tons,western
100,80,50,90,80,90,13346,tons,western
100,80,50,90,80,90,90346,tons,western
100,80,50,90,80,90,13347,tons,western
100,80,50,90,80,90,90347,tons,western
100,80,50,90,80,90,13348,tons,western
100,80,50,90,80,90,90348,tons,western
100,80,50,90,80,90,13349,tons,western
100,80,50,90,80,90,90349,tons,western
100,80,50,90,80,90,13350,tons,western
100,80,50,90,80,90,90350,tons,western
100,80,50,90,80,90,13351,tons,western
100,80,50,90,80,90,90351,tons,western
100,80,50,90,80,90,13352,tons,western
100,80,50,90,80,90,90352,tons,western
100,80,50,90,80,90,13353,tons,western
100,80,50,90,80,90,90353,tons,western
100,80,50,90,80,90,13354,tons,western
100,80,50,90,80,90,90354,tons,western
100,80,50,90,80,90,13355,tons,western
100,80,50,90,80,90,90355,tons,western
100,80,50,90,80,90,13356,tons,western
100,80,50,90,80,90,90356,tons,western
100,80,50,90,80,90,13357,tons,western
100,80,50,90,80,90,90357,tons,western
100,80,50,90,80,90,13358,tons,western
100,80,50,90,80,90,90358,tons,western
100,80,50,90,80,90,13359,tons,western
100,80,50,90,80,90,90359,tons,western
100,80,50,90,80,90,13360,tons,western
100,80,50,90,80,90,90360,tons,western
100,80,50,90,80,90,13361,tons,western
100,80,50,90,80,90,90361,tons,western
100,80,50,90,80,90,13362,tons,western
100,80,50,90,80,90,90362,tons,western
100,80,50,90,80,90,13363,tons,western
100,80,50,90,80,90,90363,tons,western
100,80,50,90,80,90,13364,tons,western
100,80,50,90,80,90,90364,tons,western
100,80,50,90,80,90,13365,tons,western
100,80,50,90,80,90,90365,tons,western
100,80,50,90,80,90,13366,tons,western
100,80,50,90,80,90,90366,tons,western
100,80,50,90,80,90,13367,tons,western
100,80,50,90,80,90,90367,tons,western
100,80,50,90,80,90,13368,tons,western
100,80,50,90,80,90,90368,tons,western
100,80,50,90,80,90,13369,tons,western
100,80,50,90,80,90,90369,tons,western
100,80,50,90,80,90,13370,tons,western
100,80,50,90,80,90,90370,tons,western
100,80,50,90,80,90,13371,tons,western
100,80,50,90,80,90,90371,tons,western
100,80,50,90,80,90,13372,tons,western
100,80,50,90,80,90,90372,tons,western
100,80,50,90,80,90,13373,tons,western
100,80,50,90,80,90,90373,tons,western
100,80,50,90,80,90,13374,tons,western
100,80,50,90,80,90,90374,tons,western
